isim,osm,ebced
seçiniz,0,0
âkıl, عاقِل,201
âli, عالی,111
çınar, چينار,264
çağdaş, چاغداش,1309
çağla, چاغلا,1035
çağrı, چاغرى,1214
çabuk, چابک,26
çakır, چاقير,314
çarşamba, چارشانبا,558
çavuş, چاووش,316
çeşminaz, چشم ناز,401
çehre, چهره,213
çelebi, چلبی,45
çeliksu, چليكصو,159
çetin, چتين,463
çetinkaya, چتين قايا,575
çiçek, چيچك,36
çiğdem, چيكدم,77
çilem, چيلم,83
çimen, چمن,93
çinuçen, چينوچن,122
çisem, چيسم,113
öğle, اوگله,62
öğle namazı, اوگله نمازي,170
öküz, اوكوز,40
ölmez, اولمز,84
ömür, عمر,310
ömürlü, عمرلو,346
ömer, عُمر,310
önder, اوگدر,231
ördek, اوردك,231
öykü, اويكو,43
özüberk, اوزىبرك,246
özay, اوزاى,25
özcan, اوزجان,68
özden, اوزدن,68
özdil, اوزدل,48
özen, اوزن,64
özgül, ازكل,58
özgünaz, اوزكو نا,91
özgür, اوزكور,240
özgürhan, اوزكورخان,891
özge, اوزكه,39
özhan, اوزخان,665
özkan, اوزقان,165
özlem, اوزلم,84
öznur, اوزنور,270
özsu, اوزصو,110
öztürk, اوزتورك,640
öztekin, اوزتكين,494
üç, اوچ,10
ülfet, الفت,511
ülgen, اولكن,107
ülkü, اولكو,63
ümit, امید,55
ümit rıza, امیدرضا,1056
ümmü, امّ,41
ümmü gülsüm, اُم‌کلثوم,637
ümmügülsüm, امّ كلثم,631
ümmühan, امّ خان,692
ümmiye, أمّية,451
ümran, عمران,361
ünal, اونال,88
ünzile, انزيله,103
üsame, أسامة,502
üveys, اویس,77
üzeyir, عزير,287
açelya, آچليا,45
aşkın, آشقين,461
aşure, عاشورا,578
ağustos, آغستس,1521
abbas, عباس,133
abdülaziz, عبد العزيز,201
abdülbaki, عبد الباقي,220
abdülcabbar, عبد الجبّار,313
abdülferid, عبدالفريد,401
abdülhakim, عبد الحكيم,185
abdülkâdir, عبد القادر,412
abdülkerim, عبد الكريم,377
abdüssamed, عبدالصّمد,241
abdest, آبدست,467
abdesthane, آبدستخانه,1123
abdi, عبدى,86
abdimenaf, عبدمناف,247
abdulğafur, عبدالغفور,1393
abdulazim, عبدالعظیم,1127
abdulaziz, عبد العزيز,201
abdulbaki, عبدالباقی,220
abdulcebbar, عبدالجبار,313
abdulcelil, عبد الجليل,180
abdulferid, عبدالفريد,401
abdulfettah, عبد الفتّاح,596
abdulgafûr, عبد الغفور,1393
abdulgaffar, عبد الغفّار,1388
abdulgani, عبد الغنيّ,1167
abdulhak, عبد الحقّ,215
abdulhakim, عبد الحكيم,185
abdulhalık, عبد الخالق,838
abdulhalim, عبدالحلیم,195
abdulhamid, عبد الحميد,169
abdulhamit, عبد الحميد,169
abdulhey, عبدالحی,125
abdulkadir, عبد القادر,412
abdulkerim, عبد الكريم,377
abdullah, عبد الله,142
abdullatif, عبد اللطيف,236
abdulmecit, عبد المجيد,164
abdulmelik, عبدالمَلِک,197
abdulvahap, عبد الوهّاب,121
abdulvahit, عبد الواحد,126
abdurraşit, عبدالرشید,621
abdurrafi, عبدالرافع,458
abdurrahim, عبد الرحيم,365
abdurrahman, عبد الرحمن,405
abdurrezzak, عبد الرزّاق,415
abdussamed, عبدالصّمد,241
abdussamet, عبد الصمد,241
abdusselam, عبد السلام,238
abes, عبث,572
abid, عَبید,86
abide, آبده,12
abidin, عابدين,137
abit, عابد,77
abuzer, أبو ذر,909
acaba, عجبا,76
acaib, عجائب,86
acar, آجار,205
acele, عجله,108
acem, عجم,113
acemi, عجمی,123
acil, عاجل,104
acilen, عاجل,104
aciz, عاجز,81
acizane, عاجزانه,137
acun, آجون,60
ad, آد,5
ada, آدا,6
adıgüzel, آديكوزل,78
adahan, آداخان,657
adak, آداق,106
adalet, عدالت,505
adap, آداب,8
aded, عدد,78
adem, آدم,45
adet, عادات,476
adeta, عادتا,476
adeviye, عدويه,95
adil, عادل,105
adile, عَدیله,119
adlar, آدلار,236
adliyye, عدليه,119
adnan, عَدنان,175
adviye, عدويه,95
af, عفو,156
afak, آفاق,182
afaki, آفاقی,192
afşar, آفشار,582
afşin, اَفشین,441
aferin, آفرین,341
afet, آفات,482
afetzede, آفت زده,497
afife, عفیفه,245
afitap, آفتاب,484
afiyet, عافيت,561
afra, افرا,282
afranur, افرانور,538
afrika, افریقا,392
agah, آگاه,27
ahıret, آخرت,1201
ahıze, آخذه,1306
ahali, اهالی,47
ahbap, احباب,14
ahenk, آهنگ,76
ahid, عهد,79
ahkam, احکام,70
ahlak, اخلاق,732
ahlat, اخلاط,641
ahmak, احمق,149
ahmed, أحمد,53
ahmed arif, احمد عارف,404
ahmet, احمد,53
ahmet ali, احمدعلی,163
ahmet arif, احمد عارف,404
ahmet hilmi, أحمد حلمي,141
ahmet mesut, أحمد مسعود,233
ahmet rıza, احمدرضا,1054
ahmet talha, احمدطاها,69
ahsen, احسن,119
ahu, آهو,12
ahu meryem, آهو مريم,302
ahya, احيا,20
aişe, عاءشه,377
aişegül, عاءشه كل,427
ajda, اژدا,13
akıbet, عاقبت,573
akın, آقين,161
akaid, عقائد,185
akşam, آقشام,442
akşam namazı, آقشام نمازي,550
akdem, اقدم,145
akhenaton, اخناتون,1108
akif, عاکِف,171
akil, عاقل,201
akile, عاقله,206
aknur, آقنور,357
akraba, اقرباء,305
akrep, عقرب,372
ala, آلا,32
alaaddin, علاء الدين,197
alaattin, علاءالدین,197
alaka, علاقه,206
alakadar, علاقه دار,411
albert, ألبرت,633
alemet, علامت,541
alev, آلو,37
aleyna, علينا,161
ali ekber, علی‌اکبر,333
ali eymen, على ايمن,211
ali paşa, علی‌پاشا,414
ali rıza, علي رضا,1111
alim, عالَم,141
alime, عالمه,146
alirıza, علي رضا,1111
alis, آلس,91
aliye, عالیه,116
alkame, علقمه,245
alkan, آلقان,182
almira, المیرا,282
alp, آلپ,33
alparslan, آلپ آرصلان,405
alpaslan, آلپ آصلان,205
alpay, آلپای,44
alpcan, آلپ جان,87
alper, آلپر,233
alperen, آلپ ارن,284
alptuğ, آلپطوغ,1048
altı, آلتی,441
altın, آلتین,491
altan, آلتان,482
altay, التاى,442
altuğ, آلطوغ,1046
alya, عليا,111
amanda, اَماندا,97
amber, عنبر,322
amine, آمنه,96
amir, عامِر,311
ammar, عَمار,311
ana, آنا,52
anıl, آنیل,91
anise, آنیسا,122
antar, عنتر,720
arı, اري,211
araba, ارابا,205
arafat, عَرفات,751
arafe, عَرَفه,355
aral, آرال,232
aralık, آرالق,332
aras, آراس,262
arş, عرش,570
arşan, آرشان,552
araz, آراز,209
arda, آردا,206
arif, عارف,351
arif ahmed, عارف احمد,404
arif ahmet, عارف احمد,404
arife, عارفه,356
arife zehra, عارفه‌زهرا,569
armağan, ارمغان,1292
armin, آرمین,301
armina, آرمینا,302
armine, آرمینه,306
artan, آرتان,652
arzu, آرزو,214
asıf, عاصِف,241
asım, اصم,131
asaf, آصف,171
asel, عسل,160
asena, آسه نه,121
asil, اصیل,131
asim, آسیم,111
asime, اصمه,136
asiye, آسيه,76
asker, عسکر,350
aslı, اصلي,131
aslıhan, اصليخان,782
aslınur, آصلى نور,387
aslan, آصلان,172
asu, آسو,67
asude, آسوده,76
asuhan, آسوخان,718
asuman, آسمان,152
asya, آسيا,72
at, ات,401
ata, آتا,402
atıf, عاطِف,160
ataberk, آتابرك,624
atahan, آتاخان,1053
atanaz, آتاناز,460
atatürk, آتاتورك,1028
ateş, آتش,701
atena, آتنا,452
atik, عتيق,580
atike, عتيقه,585
atilla, آتیلا,442
atiye, آتیه,416
atlas, اطلس,100
avni, عونى,136
ay, اي,11
ayı, ايي,21
ayça, آيچه,19
şöhret, شهرت,905
şüheda, شهدا,310
şükür, شكر,520
şükrü, شكرى,530
şükran, شكران,571
şükriye, شكريه,535
şaban, شعبان,423
şadıman, شادمان,396
şadan, شادان,356
şadiye, شادیه,320
şaduman, شادمان,396
şafak, شفاق,481
şafiye, شافيه,396
şahabeddin, شهاب الدين,403
şahabettin, شهاب الدين,403
şahan, شاهان,357
şaheser, شاه أثر,1007
şahhanım, شاه خانم,997
şahide, شاهیده,325
şahika, شاهقه,411
şahin, شاهین,366
şahinaz, شاهيناز,374
şahinde, شاهينده,375
şahit, شاهد,310
şakir, شاکر,521
şanlı, شانلی,391
şarmin, شارمین,601
şatiye, شاطيه,325
şayan, شایان,362
ayşe, عاءشه,377
ayşe gül, عائشة كل,831
ayşegül, عاءشه كل,427
ayşen, آی‌شن,361
ayşenur, عاءشه نور,633
ayşin, آیشین,371
ayaz, اَیاز,19
şaziye, شازيه,323
aybüke, آىبوكه,44
aybala, آىبالا,45
aybars, أيبارس,274
aybeniz, آيبڭز,40
aycan, آيجان,65
aydın, آيدين,75
aydan, آیدان,66
aydoğan, آىدوغان,1072
şebnem, شبنم,392
şefaat, شفاعت,851
şefik, شفیق,490
şefika, شفيقه,495
şefike, شفیقه,495
şehabettin, شهاب‌الدین,403
şehbaz, شهباز,315
şehmuz, شهموز,358
şehnaz, شهناژ,363
şehrazat, شهرزاد,517
şehre, شهره,510
şehri, شهرى,515
şehriban, شهربان,558
şehriyar, شهریار,716
şehriye, شهريه,520
şekibe, شکیبا,333
şekip, شکیب,332
şemide, شَمیده,359
şemis, شمیس,410
şems, شمس,400
şemsettin, شمس الدين,495
şemsi, شمسی,410
şenay, شن آى,361
şencan, شنجان,404
şendoğan, شن دوغان,1411
şener, شن أر,551
şengül, شنكل,400
şeniz, شنيز,367
şennaz, شن ناز,408
şennur, شن نور,606
şenol, شنول,386
şentürk, شنتورك,976
şerafettin, شَرف‌الدین,675
şeref, شرف,580
şeriat, شریعت,980
şerif, شریف,590
şerife, شریفه,595
şermin, شَرمین,600
şervin, شروین,566
şevket, شوکت,726
şevki, شوقي,416
şevval, شوال,337
şeyda, شِیدا,315
şeyhmus, شهموز,358
şeyma, شيما,351
ayfer, آيفر,291
aygül, آی‌گل,61
ayhan, آيخان,662
şiar, شعار,571
şinasi, شناسى,421
şirin, شیرین,570
şivan, شيوان,367
aykan, آيقان,162
aykut, آيقوت,517
aykutalp, آيقود آلپ,154
ayla, آیلا,42
aylin, آیلین,101
ayna, آینا,62
aynaz, آیناز,69
aynuş, آینوش,367
aynur, آی‌نور,267
aysan, آیسان,122
ayse, عائشة,781
aysel, آیسل,101
ayselin, آيسلين,161
ayser, آيسر,271
aysu, آیسو,77
aysun, آيسون,127
aytül, آيتول,447
aytekin, آيتكين,491
ayten, آيتن,461
aytunç, آيتونچ,470
şuayb, شعيب,382
şuayip, شُعَیب,382
şubat, شباط,312
şukufe, شکوفه,411
şule, شعله,405
azad, آزاد,13
azem, عازم,118
azim, عظیم,1020
azime, عظیمه,1025
aziz, عزیز,94
azize, عزیزه,99
azizullah, عزیزالله,160
azmi, عظمى,1020
azra, عَذرا,971
büşra, بُشری,512
bülbül, بلبل,64
bülent, بلند,86
bünyamin, بِنیامین,163
büstan, بوستان,519
başak, باشاق,404
başar, بشار,503
başlıyor, باشلايور,550
babür, بابور,211
baha, بهاء,9
bahadır, بَهادر,212
bahaddin, بهاالدّين,103
bahar, بهار,208
bahattin, بَهاءالدین,104
bahir, باهر,208
bahire, باهِره,213
bahri, بحرى,220
bahriye, بحريه,225
bahtiyar, بختیار,1213
baki, باقي,113
bakiye, باقيه,118
banu, بانو,59
barış, باريش,513
baran, باران,254
barbaros, بارباروس,472
bartu, بارتو,609
basil, باسِل,93
basiret, بَصیرت,702
basit, باسِط,72
battal, بطّال,42
batuhan, باتوخان,1060
baturalp, باتورالپ,642
bayezid, بايزيد,34
bayram, بايرام,254
beş, بش,302
beşar, بَشار,503
beşer, بشر,502
beşir, بَشیر,512
beşire, بشيره,517
bedia, بديعة,486
bedih, بديخ,616
bediha, بديخه,621
bedir, بدر,206
bedirhan, بدرخان,857
bediuzzaman, بَدیع‌الزمان,215
bedri, بَدری,216
bedriye, بدریه,221
bedrullah, بدرالله,272
begüm, بكوم,68
behcet, بهجت,410
behiye, بِهیه,22
behlül, بُهلول,73
behram, بَهرام,248
behtiye, بهتيه,422
behzat, بِهزاد,19
bekir, بكر,222
bektaş, بَکتاش,723
belgüzar, برگزار,430
belgin, بلكين,112
beliz, بليز,49
belkıs, بِلقیس,202
bengü, بنكو,78
bengisu, بنكيصو,178
bera, برا,203
berat, بَرات,603
beray, براى,213
berşam, بَرشام,543
bereket, بَرکت,622
berfin, بَرفین,342
bergüzar, بركزار,430
beril, بريل,242
berivan, بريوان,269
berk, برق,302
berkant, برقانت,753
berkay, بركاى,233
berke, بركه,227
berna, برنا,253
berra, برّا,203
berrak, برّاق,303
berrin, برّين,262
bersam, بَرسام,303
bertan, برتان,653
besim, بَسیم,112
besime, بسيمه,117
besiye, بسيه,77
bessem, بسّام,103
betül, بتول,438
betil, بتيل,442
betilgül, بتيل كل,492
beyaz, بياض,813
beyazit, بايزيد,34
beyda, بيدا,17
beyhan, بيخان,663
beytullah, بيت الله,478
beyza, بيضا,813
beyzanur, بيضانور,1069
bezen, بزن,59
bidar, بیدار,217
bilal, بِلال,63
bilge, بيلكه,67
bilgehan, بيلكه خان,718
bilgen, بيلكن,112
bilgin, بيلكين,122
billur, بللور,268
bina, بینا,63
binali, بن على,162
binnaz, بيگناز,90
bir, بر,202
bircan, برجان,256
birgül, بيركل,262
birhan, بيرخان,863
birol, بيرول,248
birsel, بيرسل,302
birsen, بیرسَن,322
bora, بورا,209
bu, بو,8
buğçe, بوغچه,1016
buğlem, بوغلم,1078
buğra, بغرا,1203
buket, بوكت,428
bulut, بولوت,444
burçin, بورچین,271
burak, براق,303
burak i̇lhan, بوراق ايلخان,1001
burcu, برجو,211
burhan, بُرهان,258
burhaneddin, بُرهان‌الدین,353
buse, بوسه,73
cüneyd, جنيد,67
cüneyt, جنيد,67
cağatay, چاغاتاى,1416
cabbar, جبار,206
cabir, جابر,206
cafer, جعفر,353
cahid, جاهد,13
cahide, جاهده,18
cahit, جاهد,13
camal, جمال,74
can, جان,54
canan, جانان,105
canberk, جان برك,276
candan, جاندن,108
caner, جانر,254
cansu, جانصو,150
canyar, جانیار,265
cavidan, جاویدان,75
cavit, جاوید,24
cebel, جبل,35
cebrail, جبراءيل,247
celal, جلال,64
celaleddin, جلال‌الدین,159
celil, جلیل,73
celiliddin, جلیل‌الدین,168
cem, جم,43
cemal, جمال,74
cemaleddin, جمال الدين,169
cemalettin, جمال الدين,169
cemşit, جمشید,357
cemil, جَمیل,83
cemile, جَمیله,88
cemre, جمره,248
cenap, جناب,56
cengiz, جنكيز,90
cenk, جنك,73
cenker, جنكر,273
cennat, جَنات,454
cennet, جَنت,453
cercis, جرجیس,276
ceren, جرن,253
cevahir, جواهر,215
cevat, جواد,14
cevdet, جودت,413
cevriye, جورييه,234
ceyda, جيدا,18
ceyhan, جيحان,72
ceyhun, جیحون,77
ceylan, جيلان,94
ceylin, جيلين,103
ceyran, جيران,264
cibril, جبریل,245
cihad, جهاد,13
cihan, جهان,59
cihangir, جهانگیر,289
cihat, جهاد,13
civan, جوان,60
civanmert, جوانمرد,304
coşkun, جوشقون,465
cuma, جمعه,118
cumâdel-âhir, جمادى اﻻآخره,896
cumâdel-evvel , جمادى اﻻولى,136
cumartesi, جمعه اي رتسى,799
cumhur, جمهور,254
cumhuriyet, جمهوريت,664
döndü, دوندو,70
döne, دونه,65
dört, درت,604
dünya, دنیا,65
dürdane, دُردانه,264
düriye, دريه,219
daime, دائمه,60
damla, داملا,76
danyal, دانیال,96
davud, داود,15
davut, داود,15
dede, ده ده,18
defne, دفنه,139
delile, دلیله,79
demet, دمت,444
demir, دمير,254
demirhan, دميرخان,905
demirtaş, دميرطاش,564
deniz, دگيز,41
derviş, درويش,520
derya, دریا,215
destan, دَستان,515
devlet, دولت,440
devrim, دوريم,260
deyyan, دَیّان,65
didar, دیدار,219
didem, ديدم,58
dila, ديلا,45
dilçem, ديلچم,87
dilan, دیلان,95
dilanur, ديلانور,301
dilara, دلآرا,236
dilaver, دلاور,241
dilay, ديلاى,55
dilber, دلبر,236
dilek, ديلك,64
dindar, دیندار,269
diyana, دیانا,66
diyar, دیار,215
doğan, دوغان,1061
doğanay, دوغاناى,1072
doğuş, دوغوش,1316
doğukan, دوغوقان,1167
dokuz, طقوز,122
dora, دُرا,205
dorukhan, طوروق خان,972
dudu, دودو,20
duran, دوران,261
durdu, دوردو,220
durmuş, دورموش,556
dursun, دورسون,326
dursune, دورسونه,331
duru, دورو,216
durukan, دوروقان,367
duygu, دويغو,1026
eşe, أشه,306
eşref, اَشرف,581
ebrar, اَبرار,404
ebru, ابرو,209
ebu bekir, ابوبکر,231
ebu huzeyfe, أبوحذيفه,812
ebu zer, أبو ذر,909
ebubekir, ابوبكر,231
ebuzer, ابوذر,909
ece, اجه,9
ecehan, اجه خان,660
ecem, اجهم,49
ecmel, اجمل,74
ecrin, اجرين,264
eda, أدا,6
edibe, ادیبه,22
edip, ادیب,17
ediz, اديز,22
efşan, اَفشان,432
efdal, افضل,911
efe, أفه,86
efehan, أفه خان,737
eflatun, افلاطون,177
efsane, افسانه,197
efsun, افسون,197
ege, اكه,26
egehan, اكه خان,677
egemen, اكه من,116
einstein, أينشتاين,822
ekber, اکبر,223
ekim, أكيم,71
ekin, اكين,81
ekmel, اكمل,91
ekmeleddin, اكملالدّين,186
ekrem, اَکرم,261
ela, الا,32
ela nur, الا نور,288
elçin, الچين,94
elanur, الانور,288
elida, اليدا,46
elif, الف,111
elisa, اَلیسا,102
elmas, الماس,132
elvan, الف,111
emel, أمل,71
emetullah, امتالله,507
emil, اميل,81
emin, امين,101
emina, امینا,102
eminüddin, امین‌الدین,196
emine, امنه,96
eminullah, امین‌الله,167
emir, امیر,251
emir adnan, امیرعدنان,426
emir bahadır, امیربهادر,463
emir behzat, امیربهزاد,270
emir cavit, امیرجاوید,275
emir cevat, امیرجواد,265
emir erman, امیرآرمن,542
emir eyyüp, امیرایوب,270
emir fazlullah, امیرفضل‌الله,1227
emir hümayun, امیرهمایون,363
emir haşem, امیرهاشم,597
emir himmet, امیرهمت,696
emir i̇rfan, امیرعرفان,652
emir mansur, امیرمنصور,637
emir mehdi, امیرمهدی,310
emir merdan, امیرمردان,546
emir mesut, امیرمسعود,431
emir metin, امیرمتین,751
emir muhsin, امیرمحسن,409
emir muzaffer, امیرمظفر,1471
emir nizam, امیرنظام,1242
emir rıza, امیررضا,1252
emir raşit, امیررشید,765
emir sadık, امیرصادق,446
emir salih, امیرصالح,380
emir suheyl, امیرسهیل,356
emir vahit, امیروحید,279
emir yasin, امیریاسین,382
emir yedullah, امیریدالله,331
emircan, اميرجان,305
emire, أميرة,651
emirhan, اميرحان,310
emrah, امراح,250
emral, أمرال,272
emre, امره,246
emriye, امريه,256
emrullah, امرالله,307
emsal, امثال,572
ender, اندر,255
endişe, اندیشه,370
enes, انس,111
enes kemal, انس كمال,202
enfal, اَنفال,162
engin, انكين,131
enis, اَنیس,121
enise, اَنیسه,126
enuş, اَنوش,357
enver, انور,257
eralp, ارآلپ,234
eray, أراى,212
erşam, اَرشام,542
erşan, اَرشان,552
erşin, اَرشین,561
ercüment, ارجمند,298
ercan, ارجان,255
erdal, اردال,236
erdem, اردم,245
erdevan, اَردوان,262
erdi, اردى,215
erdinç, اردينچ,268
erdoğan, اردوغان,1262
eren, ارن,251
ergül, اركول,257
ergün, اركون,277
ergin, اركين,281
erhan, أرخان,852
erkan, اَرکان,272
erkin, اركين,281
erkut, ايركت,631
erman, ایرمان,302
erol, أرول,237
ersal, ارسال,292
ersam, اَرسام,302
ersan, آرسان,312
ersel, ارسل,291
ersen, ارسن,311
ersin, آرسن,311
ersoy, ارصوى,307
ertürk, ارتورك,827
ertan, ارتان,652
ertuğrul, أرتوغرول,1843
erva, اروع,277
esat, أسعد,135
esedullah, اسدالله,131
esen, اسن,111
esengül, اسنكل,161
eset, اَسد,65
esin, اسين,121
esingül, اسينكل,171
esma, اَسما,102
esmer, اَسمر,301
esra, أسرا,262
esrin, اَسرین,321
ethem, اَدهم,50
evdegül, أوده كل,66
evren, اورن,257
eylül, ايلول,77
eymen, ايمن,101
eyyüp, ایوب,19
eyyup, ايّوب,19
ezan, ازان,59
ezan saatleri,  ازان ساعتلري,830
ezgi, ازكى,38
fındık, فندق,234
fırat, فرات,681
füruzan, فروزان,344
fadime, فاطمه,135
fahrettin, فخرالدین,975
fahri, فخری,890
fahriye, فخریه,895
faik, فاءق,182
faika, فاءقه,187
faruk, فاروق,387
fatıma, فاطمة,530
fatih, فاتح,489
fatih sultan mehmet, فاتح سلطان محمد,731
fatma, فاطمه,135
fatma nisa, فاطمة نساء,642
fatma su, فاطمة صو,626
fatmanur, فاطمه نور,391
fatmasu, فاطمة صو,626
fatoş, فاطوش,396
fay, فاي,91
fazıl, فاضل,911
fazilet, فَضیلت,1320
fazlullah, فضل‌الله,976
fedakar, فذاكار,1002
fehime, فهيمه,140
fehmi, فهمى,135
ferah, فَرح,288
feramuz, فرامز,328
ferda, فردا,285
ferhan, فرحان,339
ferhat, فَرحت,688
ferhunde, فرخنده,939
ferişte, فرشته,985
ferid, فريد,294
feride, فریده,299
feridun, فريدون,350
feriha, فرحه,293
ferit, فَرید,294
feriye, فرييه,305
ferruh, فرّوح,294
feryal, فريال,321
ferzan, فرزان,338
fesih, فصيح,188
fethi, فتحي,498
fethiye, فتحيه,503
fethullah, فتح الله,554
fettah, فتّاح,489
fevzi, فوزى,103
fevziye, فوزيه,108
feyyaz, فیاض,891
feyza, فيضا,891
feyzullah, فیض‌الله,956
fidaye, فدايه,100
figen, فيكن,160
fikri, فكري,310
fikriye, فكريه,315
filiz, فيليز,137
fincan, فنجان,184
firaset, فراست,741
firdevs, فردوس,350
firkat, فرقت,780
firuze, فیروزه,308
fuad, فؤاد,91
fuat, فؤاد,91
fulya, فوليا,127
funda, فوندا,141
furkan, فُرقان,431
gökçe, كوكچه,54
gökçen, گوكچن,99
gökşen, كوكشن,396
gökşin, كوكشن,396
gökhan, كوكحان,105
gökmen, كوكمن,136
göksel, كوكسل,136
göktay, كوكطى,65
göktuğ, گوكتوغ,1452
göl, گول,56
gönül, كوڭل,76
görkem, كوركم,286
göz, گوز,33
gözde, كوزده,42
güçer, كوچر,229
güher, غوهر,1211
gül, كل,50
gülçimen, كلچمن,143
gülçin, كلچېن,113
gülüşan, كلوشان,407
gülümser, كولومسر,362
gülal, كلال,81
gülay, كُلاى,61
gülşah, كلشاه,356
gülşen, كولشن,406
gülbahar, گل بهار,258
gülbin, كلبين,112
gülcan, كُلجان,104
güldane, گلدانه,110
gülden, كلدن,104
gülderen, كلدرن,304
güldeste, كل دسته,519
gülen, كولن,106
gülendam, كل اندام,146
güler, كولر,256
güleser, كل أسر,311
gülfem, گلفام,171
gülfer, كلفر,330
gülhan, كولخان,707
gülhatun, كل خاتون,1107
gülistan, كلستان,561
gülizar, كُلعذار,1021
güllü, كللي,90
gülnar, گلنار,301
gülnaz, كلناز,108
gülnazik, كلنازك,128
gülnur, كلنور,306
gülperi, كل پرى,262
gülru, گلرو,256
gülsüm, کلثوم,596
gülsefa, كلصفا,221
gülsen, كولسن,166
gülser, كُلسر,310
gülserap, كل سراب,313
gülseren, كُلسرن,360
gülsever, كولسور,322
gülsevim, كل سويم,166
gültekin, كلتكين,530
gülten, كلتن,500
gülzade, كل زاده,67
gümüş, كوموش,372
günay, كناى,81
gündüz, كوندوز,93
güneş, كونش,376
güner, كونر,276
güngör, كونكور,302
günseli, كونسلى,176
güntülü, كونتولى,522
gürbüz, كربز,229
gürcan, كورجان,280
gürhan, كورخان,877
gürkan, گورقان,377
gürsel, كورسل,316
güven, كوون,82
güzel, گوزل,63
güzide, كوزيده,52
galib, غالب,1033
galip, غالب,1033
gamze, غمزه,1052
gani, غنيّ,1060
ganime, غنيمة,1500
ganimet, غنيمة,1500
gaye, غايه,1016
gazali, غزالى,1048
gazi, غازى,1018
gizem, كيزم,77
gonca, غنجه,1058
gulşen, كولشن,406
gulsen, كولشن,406
gurbet, غربت,1602
hüda, هُدی,19
hüdavendigar, خداوندگار,886
hülya, خوليا,647
hüma, هُما,46
hümayun, هُمایون,112
hümeyra, حميراء,260
hür, هور,211
hürü, خرو,806
hürüşan, خروشان,1157
hürşat, هورشاد,516
hürşit, هورشید,525
hürcan, حرجان,262
hürmet, حُرمت,648
hürmuz, هرمز,252
hürrem, خُرم,840
hüsamettin, حسام الدين,204
hüseyin, حسین,128
hüseyin enes, حسين انس,239
hüsna, حسنى,128
hüsnü, حسنى,128
hüsne, حسنه,123
hüsniye, حُسنیه,133
haşim, هاشم,346
haşmet, حشمت,748
haşmetullah, حشمت‌الله,814
habib, حبيب,22
habibe, حبیبه,27
habibullah, حبیب الله,88
habil, هابیل,48
habip, حبیب,22
hacı, حاجى,22
hacer, حجر,211
hadi, هادی,20
hadice, خديجة,1017
hadis, حدیث,522
hadise, حدیثه,527
hadiye, هادیه,25
hafız, حافظ,989
hafize, حفيظه,1003
hafizullah, حفیظ‌الله,1064
hafsa, حَفصه,183
hakan, خاقان,752
hakim, حکیم,78
hakime, حاكمه,74
hakkı, حقّى,118
hale, هاله,41
halide, خالِده,640
halife, حلیفه,133
halil, خلیل,670
halile, خلیله,675
halilullah, خلیل‌الله,736
halilurrahman, خلیل‌الرحمان,1000
halim, حلیم,88
halime, حلیمه,93
halis, خالص,721
halise, خالصه,726
halit, خالِد,635
haluk, خلوق,736
hamdi, حمدي,62
hamdiye, حمديه,67
hamdullah, حمدالله,118
hami, حامی,59
hamide, حمیده,67
hamidullah, حمیدالدین,157
hamit, حامد,53
hammat, حَمّاد,53
hamza, حمزه,60
hanım, خانم,691
handan, خندان,705
hande, خنده,659
hanife, حنیفه,153
hanifi, حنيفى,158
haniye, حانیه,74
hannan, حَنّان,109
hansa, خَنْسَاء,712
hanzala, حَنظله,993
haris, حارث,709
harun, هارون,262
hasan, حسن,118
hasan hüseyin, حسن حسين,246
hasbi, حسبي,80
hasbiye, حسبيه,85
hasene, حسنه,123
hasibe, حَسیبه,85
hasip, حَسیب,80
hasna, حَسْنا,119
hasret, حسرت,668
hatıra, خاطِره,815
hatem, حاتم,449
hatice, خدیجه,622
hatun, خاتون,1057
hava, حوا,15
havana, حوا آنا,67
havar, خاور,807
havva, حوّا,15
havva gül, حوّا كل,65
havvagül, حوّا كل,65
havvanur, حوّا نور,271
hayal, خيال,641
hayat, حیات,419
hayati, حياتى,429
haydar, حیدر,222
haydar ali, حیدرعلی,332
hayrettin, خئرالدّين,905
hayri, خيري,820
hayriye, خيريه,825
hayrullah, خیرالله,876
hayrunnisa, خیرالنسا,952
hayyam, خیام,651
hazal, حزال,46
hazim, حازم,56
haziran, خزيران,868
hediye, هدیه,24
helin, هلين,95
hermann, هيرمان,306
heybetullah, هیبت‌الله,483
hicran, هجران,259
hicret, هجرت,608
hidayet, هدايت,420
hifa, هيفاء,97
hikmet, حِکمت,468
hilal, هلال,66
hilmi, حلمى,88
hilmiye, حلميه,93
himmet, هِمت,445
himmetullah, هِمت‌الله,511
hira, خرا,801
hirat, هیراد,220
hivel, هيول,51
huccet, حُجت,411
huccetullah, حُجت‌الله,477
hulusi, خلوصى,736
humeyra, حمیرا,259
hunalp, حون آلپ,97
hurşit, خورشيد,1120
huri, حوری,224
huriye, حوریه,229
hurriye, حُریه,223
huruşan, خروشان,1157
husna, حُسنی,128
huzeyfe, حذيفه,803
i̇şrak, اِشراق,602
i̇brahim, اِبراهیم,259
i̇clal, اِجلال,65
i̇dris, اِدریس,275
i̇fakat, افاقت,582
i̇ftihar, اِفتخار,1282
i̇hsan, اِحسان,120
i̇kbal, اِقبال,134
i̇kindi, ايكندى,95
i̇kindi namazı, ايكندى نمازي,203
i̇klim, اقليم,181
i̇klime, اِقلیما,182
i̇kra, اقرأ,302
i̇kram, اِکرام,262
i̇krime, اكرمه,266
i̇lay, ایل‌آی,52
i̇layda, ايلايدا,57
i̇lgi, ايلكى,71
i̇lhami, الهامى,87
i̇lhan, ايلخان,692
i̇lize, اِلیزه,53
i̇lkay, ايلك آى,72
i̇lke, ايلكه,66
i̇lker, ايلكر,261
i̇lknur, ايلكنور,317
i̇lnaz, اِلناز,89
i̇ltica, اِلتِجا,435
i̇ltifat, اِلتفات,912
i̇lyas, الیاس,102
i̇mdat, امداد,50
i̇mran, إمرن,291
i̇mren, إمرن,291
i̇msak, إمساك,122
i̇msak vakti, إمساك وقتي,638
i̇nanç, انانچ,105
i̇nayet, عنایت,531
i̇nşirah, انشراح,560
i̇nci, اينجى,74
i̇ntisar, اِنتصار,742
i̇pek, ایپک,33
i̇ran, ایران,262
i̇rşat, اِرشاد,506
i̇rem, ارم,241
i̇rfan, عرفان,401
i̇sa, عیسی,150
i̇shak, اِسحاق,170
i̇simler, اسملر,331
i̇skender, اسکندر,335
i̇slam, اسلام,132
i̇smail, اسماعیل,212
i̇smet, عصمت,600
i̇smihan, اسم خان,752
i̇sra, اِسرا,262
i̇srafil, اِسرافیل,382
i̇tibar, اِعتبار,674
i̇timat, اِعتماد,516
i̇zzet, عِزت,477
i̇zzettin, عِزالدین,172
i̇zzetullah, عزت‌الله,543
iki, ایكی,41
iraz, ايراز,219
irmak, ايرماك,272
irsi, ارثی,711
ismahan, اسم خان,752
ismet, عصمت,600
istisna, استثناء,1013
itır, عطر,279
jale, ژاله,43
kâdir, قادر,305
kısmet, قسمت,600
kıvanç, قيوانچ,170
kıymet, قيمت,550
körük, كوروك ,252
kübra, کُبری,232
kürşad, كورشاد,531
kürşat, كورشات,927
kaan, قاآن,152
kağan, قاغان,1152
kadem, قدم,144
kader, قدر,304
kadim, قدیم,154
kadire, قدیره,319
kadri, قدري,314
kadriye, قدريه,319
kahraman, قهرمان,396
kainat, كائنات,482
kalender, قلندر,384
kamber, قنبر,352
kamer, قمر,340
kamil, کامل,91
kamile, کامله,96
kamuran, کامران,312
kamus, کاموس,127
kanaat, قناعة,621
kani, كاني,81
kaniye, كانيه,86
kardelen, قاردلن,385
kasım, قاسم,201
kaya, قايا,112
kayra, قايرا,312
kazım, کاظم,961
kelime, كلمه,95
kelimullah, کلیم الله,166
kemal, کمال,91
kemalettin, کمال‌الدین,186
kenan, کنعان,191
keramet, کرامت,661
kerem, كرم,260
kerim, کریم,270
keriman, كريمان,321
kerime, کریمه,275
keskinkılıç, كسكين قيليچ,313
kevser, كوثر,726
kevser rüveyda, كوثر رويده,951
keykubat, کِیقباد,137
kezban, كزبان,80
keziban, كزيبان,90
kezik, كذيك,750
kibar, كبار,223
kibariye, كباريه,238
kimya, کیمیا,81
kiraz, كيراز,238
koray, قوراى,317
kova, قوو,112
kubilay, قوبيلاى,159
kudret, قدرت,704
kutay, قوتاى,517
kutluhan, قوتلى خان,1197
kutsi, قُدسی,174
lâl verdâ, لعل وردا,341
lütfü, لطفى,129
lütfi, لطفي,129
lütfiye, لطفيه,134
lütfullah, لطف‌الله,185
laçin, لاچین,94
lale, لاله,66
lalezar, لاله‌زار,274
lami, لامع,141
lamia, لامِعه,146
latif, لَطیف,129
latife, لتيفه,525
leman, لمعان,191
letafet, لطافت,520
levent, لوند,90
leyla, لیلا,71
lokman, لقمان,221
müşerref, مشرّف,620
müşfik, مشفق,520
müştak, مشتاق,841
mübarek, مبارک,263
mübeccel, مبجّل,75
müberra, مبرّا,243
mübin, مبین,102
mücahit, مجاهد,53
mücella, مجلّا,74
mücevher, مجوهر,254
müferrah, مُفَرِح,328
müfide, مُفیده,139
müfit, مُفید,134
müge, موكه,71
müjdat, موژداد,62
müjde, مژده,56
müjgan, مژگان,118
mükerrem, مُکَرم,300
mülayim, ملایم,121
mülhime, ملهمه,120
mülkinaz, ملكيناز,158
mümin, مؤمن,136
mümine, مؤمنه,141
mümtaz, ممتاز,488
münevver, مُنور,296
münevvere, منوّره,301
münip, مُنیب,102
münir, منير,300
münire, مُنیره,305
mürüvvet, مروّت,646
mürşah, مورشاه,552
mürivvet, مُروت,646
mürsel, مُرسَل,330
müsade, مصاده,140
müslüm, مسلم,170
müslim, مُسلِم,170
müslime, مسلمه,175
mütevekkil, متوکل,496
müyesser, ميسّر,310
müzeyyen, مزيّن,107
maaş, معاش,411
maşaallah, ماشاءالله,409
maşite, ماشطه,355
macide, ماجده,53
macit, ماجد,48
mahbub, محبوب,58
mahbube, محبوبه,63
mahbup, محبوب,58
mahbure, محبوبه,63
mahcihan, ماه‌جهان,105
mahcup, محجوب,59
mahide, ماهِده,55
mahidevran, ماهدوران,307
mahinur, ماه نور,302
mahir, ماهر,246
mahire, ماهره,251
mahmud, محمود,98
mahmude, محموده,103
mahmut, محمود,98
mahperi, ماهپرى,258
mahpeyker, ماه‌پیکر,278
mahsun, محسون,164
mahya, مَحیا,59
mahzun, محزون,111
maide, ماءده,51
makbule, مَقبوله,183
maksude, مقصوده,245
maksut, مقصود,240
malik, مالِک,91
mansur, منصور,386
mardin, ماردین,305
marifet, معرفت,790
marifetullah, معرفت‌الله,856
mart, مارت,641
marziye, مَرضیه,1055
masum, معصوم,246
masume, معصومه,251
maviş, ماویش,357
maya, مایا,52
mayıs, مايس,111
mazhar, مَظهر,1145
mazlum, مظلوم,1016
meşhur, مشهور,551
meşkat, مشکات,761
mebrure, مبروره,453
mecid, مجيد,57
mecit, مجيد,57
mediha, مَدیحه,67
medine, مدينه,109
mehdi, مهدی,59
mehmed, محمد,92
mehmet, محمد,92
mehmet kemal, محمد كمال,183
mehmet sabri, محمد صبري,394
mehpare, مَهپاره,253
mehtab, مهتاب,448
mehtap, مَهتاب,448
mekiye, مكئه,75
melahat, ملاحت,479
melda, ملدا,75
melek, ملاك,91
melih, مليح,88
meliha, مليحه,93
melihe, مَلیحه,93
melik, ملك,90
melike, مَلیکه,105
melis, مَليس,140
melisa, ملیسا,141
meltem, ملتم,510
memduh, مَمدوح,98
memnune, ممنونة,586
menekşe, منكشه,415
mennan, منّان,141
meral, مرال,271
meram, مَرام,281
mercan, مرجان,294
merhamet, مرحمت,688
meriç, مرچ,243
merih, مريخ,850
meriha, مريخه,855
mersin, مَرسین,360
mersiye, مرثيه,755
mert, مرد,244
mervan, مَروان,297
merve, مروه,251
meryem, مریم,290
meserret, مسرّت,700
mesih, مسیح,118
mesnet, مسند,154
mesrur, مَسرور,506
mesture, مَستوره,711
mesud, مسعود,180
mesude, مسعوده,185
mesure, ماءثوره,753
mesut, مسعود,180
metanet, متانت,891
mete, مهته,450
metehan, مهتهحان,509
metin, متین,500
meva, مأوى,57
mevlüde, مولوده,91
mevlüt, مولد,80
mevlit, مولد,80
mevlude, مولوده,91
meyhoş, میخوش,956
meymanat, میمنت,540
meyra, ميرا,251
mezit, مَزید,61
mihban, مِهبان,98
mihdiye, مهديه,64
mihrak, مِهرک,265
mihrap, مِهراب,248
mihri, مِهری,255
mihriban, مهربان,298
mihribanu, مِهربانو,304
mihrimah, مهرماه,291
mikail, مئكاءيل,112
mikail altan, مكايل آلتان,583
mikdat, مقداد,149
milat, میلاد,85
mina, مئنا,101
mindaş, مينطاش,410
mine, مينه,105
minnet, منّت,490
miraç, معراج,314
miray, ميراى,261
mirşat, میرشاد,555
mirsat, مِرصاد,335
mirza, ميرزا,258
misak, میثاق,651
miyase, مياسه,116
mualla, معلّى,150
muammer, معمر,350
muaz, معاذ,811
muazzam, مُعظم,1050
muazzez, معزّز,124
mucip, مُجیب,55
mucit, مَجید,57
muhabbet, محبت,450
muhacir, مُهاجر,249
muhaddis, مُحَدِث,552
muhammed, محمّد,92
muhammet, محمد,92
muharrem, محرم,288
muhiddin, محي الدين,153
muhit, محیط,67
muhittin, محیی‌الدین,163
muhsin, محسن,158
muhsine, محسنه,163
muhtar, مختار,1241
muhteşem, محتشم,788
muhterem, محترم,688
mukaddes, مقدّس,204
mumin, مؤمن,136
munise, مونسه,161
murad, مراد,245
muradiye, مراديه,260
murat, مُراد,245
murtaza, مرتضی,1450
musa, موسی,116
musab, مصعب,202
musaddık, مصدق,234
mustafa, مصطف,219
mustafa selim, مصطف سليم,359
muteber, معتبر,712
mutlu, موتلو,482
muttaki, متقی,550
muttalip, مطّلب,81
muzaffer, مُظفر,1220
nâsıreddin, ناصرالدین,436
naci, ناجی,64
naciye, ناجیه,69
nadide, ناديده,74
nadir, نادر,255
nadire, نادره,260
nadiye, ناديه,70
nafi, نافع,201
nafile, نافله,166
nafiye, نافيه,146
nafiz, نافذ,831
nafize, نافذه,836
nagehan, ناگهان,127
nagihan, ناگهان,127
nahide, ناحيده,78
nahit, ناهید,70
nail, نائل,91
naile, نائله,96
naim, نَعیم,170
naime, نائمه,106
nalan, نالان,132
namık, نامق,191
namaz, نماز,98
namaz vakitleri, نماز وقتلري,844
nara, نارا,252
narin, نارین,311
nasır, ناصر,341
nasraddin, نَصرالدین,435
nasrullah, نَصرالله,406
nasuh, نصوح,154
natık, ناطق,160
naz, ناز,58
nazan, نازان,109
nazanin, نازنین,168
nazif, نظيف,1040
nazife, نظيفه,1045
nazik, نازك,78
nazike, نازكه,83
nazire, نَظیره,1165
nazlı, نازلى,98
nazlıcan, نازلى جان,152
nazli, نازلى,98
nazmi, نظمي,1000
nazmiye, نظميه,1005
nazperi, نازپری,270
neşat, نشاط,360
neşe, نشءه,356
neşvet, نشواد,361
nebahat, نباهت,458
nebi, نَبی,62
nebil, نَبیل,92
nebile, نبيله,97
nebiyullah, نَبی‌الله,128
necat, نِجات,454
necati, نجاتى,464
necdet, نجدت,457
necibe, نجيبه,70
necibettin, نَجیب‌الدین,160
necip, نَجیب,65
necla, نَجلا,84
necmeddin, نجم الدين,188
necmettin, نَجم‌الدین,188
necmi, نَجمه,98
necmiye, نَجمیه,108
nedim, نديم,104
nedime, نَدیمه,109
nefise, نَفیسه,205
nehir, نهر,255
neime, نَعیمه,175
nejat, نجاة,454
nejdet, نجدت,457
nejla, نجلاء,85
nergis, نركس,330
neriman, نَریمان,351
nerimen, نَریمن,350
nermin, نرمين,350
nesibe, نَسیبه,127
nesim, نَسیم,160
nesime, نَسیمه,165
nesimi, نسيمي,170
nesip, نسيب,122
neslişah, نسل شاه,446
neslihan, نسليخان,801
nesrin, نسرین,370
neva, نوا,57
neval, نَوال,87
nevanur, نوانور,313
nevbahar, نوبهار,264
nevil, نويل,96
nevin, نوين,116
nevriye, نوريه,271
nevzat, نوزاد,68
nezahat, نزاهت,463
nezaket, نزاكت,478
nezih, نَزیه,72
neziha, نزيهه,77
nezihe, نزيهه,77
nezir, نَذیر,960
nida, نِدا,55
nigar, نِگار,271
nihal, نهال,86
nihan, نهان,106
nihat, نهاد,60
nil, نیل,90
nilüfer, نیلوفر,376
nilay, نيلاي,101
nilgün, نیلگون,166
nilva, نيلوا,97
nimet, نِعمت,560
nimetullah, نِعمت‌الله,626
nirvan, نیروان,317
nisa, نسا,111
nisan, نيسان,171
nisanur, نسانور,367
niyavent, نیاوند,121
niyaz, نیاز,68
niyazi, نيازى,78
niymet, نعمت,560
nizamettin, نِظام‌الدین,1086
nuh, نوح,64
numan, نعمان,211
nur, نور,256
nurçin, نورچين,319
nuran, نوران,307
nuray, نوراى,267
nurşah, نورشاه,562
nurşen, نورشن,606
nurbanu, نوربانو,315
nurcan, نورجان,310
nurcihan, نورجهان,315
nurdan, نوردن,310
nurdane, نوردانه,316
nureddin, نورالدّين,351
nurettin, نور الدين,351
nurgül, نوركل,306
nurhan, نورخان,907
nuri, نوری,266
nuriye, نوریه,271
nurmelek, نورملك,346
nursel, نورسل,346
nurseli, نورسلى,356
nurseven, نورسون,372
nurten, نورتن,706
nurulayn, نورالعین,417
nurulhüda, نورالهدا,297
nurulhak, نورالحق,395
nurullah, نور الله,322
nuruz, نوروز,269
nusret, نُصرت,740
nusretullah, نُصرت‌الدین,835
oğlan adı, اوغلان آدی ...,1103
oğuz, اوغوز,1020
oğuzhan, اوغوزخان,1671
ocak, اوجاق,111
ok, ا وق,107
okan, اوقان,158
oktay, اُکتای,432
olcay, اولجاى,51
omer, عمر,310
on, ا ون,57
onbir, اون بر,259
oniki, اون ایکی,98
onur, اونور,263
orçun, اورچون,266
orhan, اورخان,858
orhanalp, اورخان الپ,891
oruç, اوروچ,216
osman, عثمان,661
osmanlı, عثمانلي,701
osmanlıca, عثمانليجه,709
ot, ا وط,16
oya, اويا,18
oyun, اويون,73
ozan, اوزان,65
ozcan, اوزجان,68
ozge, اوزكه,39
pınar, پینار,263
paşa, پاشا,304
pakize, پاكيزه,45
pauline, پولين,98
payam, پَیام,53
pazar, پازار,211
pazartesi, پازارايرتسى,892
pehlivan, پهلوان,94
pelin, پلين,92
pembe, پمبه,49
perşembe, پرشنبه,559
peri, پری,212
perigül, پری‌گل,262
perihan, پريخان,863
perinaz, پری‌ناز,270
pervin, پروین,268
polat, پولات,439
râhime, راحمه,254
rıdvan, رضوان,1057
rıfat, رفعت,750
rıza, رضا,1001
rüşdiye, رُشدیّه,519
rüştü, رشدى,514
rümeysa, رُميسا,311
rüstem, رُستم,700
rüveyda, رويده,225
rüveyde, رويده,225
rüzgar, روزگار,434
raşide, راشده,510
raşit, راشد,505
rabia, رابعه,278
rabiatül adeviye, رابعة العدوية,1194
radiye, راضيه,1016
rafet, رأفت,681
rafetullah, رأفت‌الله,747
ragıp, راغب,1203
rahşan, رَخشان,1151
rahim, رحیم,258
rahman, رحمان,299
rahmet, رحمت,648
rahmetullah, رحمت‌الله,714
rahmi, رحمى,258
rahmiye, رحمىه,263
raif, راءف,282
ramazan, رمضان,1091
ramiz, رامز,248
rana, رعنا,321
rasim, راسم,301
rasime, راسمه,306
rasul, رَسول,296
rauf, رئوف,296
ravi, راوی,217
raziye, رازيه,223
reşat, رَشاد,505
reşit, رَشید,514
rebiül-âhir, ربيع اﻻآخره,1120
rebiül-evvel, ربيع اﻻول,350
recep, رجب,205
recep tayyip, رجب طيّب,226
refik, رفيق,390
refika, رفيقه,395
regaib, رغاءب,1204
regaip, رغاءب,1204
reha, رها,206
remzi, رمزى,257
remziye, رمزيه,262
rengin, رنكين,330
resmiye, رسمیة,710
ressam, رَسام,301
resul, رسول,296
reyhan, ریحان,269
reyyan, ريّان,261
ruşen, روشن,556
ruhi, روحي,224
ruhiye, روحيه,229
ruhullah, روح‌الله,280
rukiye, رقيه,315
rumeysa, رُمَیصا,341
sıdıka, صدّيقه,209
sıddık, صِدیق,204
sıddıka, صدّيقه,209
sıdkı, صدقي,204
sıla, صله,125
sırma, صئرمه,345
sıtkı, صدقى,204
sühan, سخن,710
süheyl, سُهیل,105
süheyla, سُهیلا,106
sülale, سُلاله,126
süleyman, سلیمان,191
süleyman hilmi, سليمان حلمي,279
sümbül, سنبل,142
sümeyra, سميرا,311
sümeyye, سُمیه,115
süna, سُونا,117
sünbül, سُنبل,142
sündüs, سُندُس,174
süraye, سُرایه,276
süreyya, ثریا,711
sürur, سُرور,466
süveyda, سويدا,81
saadet, سَعادت,535
saadettin, سعد الدّين,229
saat, ساعت,531
saba, سبا,63
sabah namazı, صباح نمازي,209
sabahat, صباحت,501
sabahattin, صباحالدّين,196
sabih, صَبیح,110
sabiha, صبيحه,115
sabire, صبيره,307
sabri, صبری,302
sabriye, صبریه,307
sacide, ساجده,73
sacit, ساجد,68
sadık, صادق,195
sadıka, صادقه,200
sadakat, صداقت,595
sadegül, ساده كل,120
sadri, صدری,304
sadullah, صعاد الله,231
safa, صفا,171
safer, صفر,370
saffet, صفوت,576
safiye, صَفیه,185
safura, صافورا,378
safvet, صفوت,576
sahabe, صاحبه,106
sahil, ساحل,99
sahra, صحراء,300
said, سعيد,144
saide, سعیده,149
saim, صائم,141
saime, صائمه,146
sait, سَعد,134
sakine, سَکینه,145
salı, سالی,101
salahuttin, صلاح‌الدین,224
salih, صالح,129
saliha, صالحه,134
salim, سالم,131
salime, سالمه,136
samed, صمد,134
samet, صمد,134
sami, سامی,111
samira, سَمیرا,311
sancaklı, سانجاقلى,255
sanem, صنم,180
saniye, ثانيه,566
sara, سارا,262
saray, سارای,272
sare, ساره,266
sariye, سارئه,276
sarp, صارپ,293
satı, صاتى,501
satılmış, صاتيلمش,871
sayan, سایان,122
seçil, سچيل,103
seçkin, سچكين,143
sebahat, صباحت,501
sebahattin, صباحالدّين,196
sebiha, صبيحه,115
seda, صدا,95
sedanur, صدانور,351
sedat, سداد,69
sedef, صدف,174
seden, سدن,114
sefa, سفا,141
sefer, سفر,340
seher, سحر,268
sehlan, ثَهلان,586
sekiz, سكز,87
selçuk, سلچوق,199
selahaddin, صلاحالدّين,224
selahattin, صلاح الدين,224
selamet, سَلامت,531
selay, سلاى,101
selcan, سلجان,144
selda, سلدا,95
selehattin, صلاحالدّين,224
seleme, سلمة,530
selim, سَلیم,140
selime, سَلیمه,145
selin, سَلین,150
selina, سلينا,151
selma, سِلما,131
selman, سَلمان,181
selman efe, سلمان أفه,267
selva, سِلوا,97
selvi, سلوى,106
selviye, سلويه,111
sema, سَما,101
semahat, سماحت,509
semanur, سمانور,357
semih, سميح,118
semiha, سميحه,123
semira, سميره,315
semra, سَمرا,301
sena, ثَنا,551
senanur, ثنانور,807
senaullah, ثَناءالله,618
senem, سنم,150
sera, سرا,261
serçiyan, سرچييان,334
serap, سراب,263
serbülent, سربلند,346
sercan, سرجان,314
serdal, سردال,295
serdar, سردار,465
serdem, سردم,304
serenay, سرناى,321
serhat, سرحد,272
serkan, سرقان,411
serment, سَرمد,304
sermet, سرمد,304
sermin, سرمين,360
serpil, سرپل,292
serra, سرّاء,262
sertaç, سرتاچ,664
sertan, سرتان,711
server, سرور,466
servet, ثروت,1106
serya, سريا,271
settar, سَتار,661
seval, سوال,97
sevban, ثَوبان,559
sevcan, سوجان,120
sevda, سودا,71
sevdanur, سودانور,327
sevde, سوده,75
sevdegül, سوده كل,125
sevgi, سَوكى,96
sevil, سِویل,106
sevilay, سويلآى,117
sevim, سویم,116
sevin, سوین,126
sevinç, سوينچ,129
sevinc, سوینج,129
sevkan, سوقان,217
sevtap, سوطاپ,78
seyfeddin, سيف الدين,245
seyfettin, سِیف‌الدین,245
seyfullah, سِیف‌الله,216
seyhan, سيخان,721
seyit, سيد,74
seyyid, سيّد,74
seyyide, سيّده,79
sezgi, سزكى,97
sezgin, سزگين,147
sibel, سيبل,102
simge, سيمگه,135
sinan, سنان,161
sinem, سئنم,160
siyabend, سييابند,137
solmaz, صولماز,174
sonay, صوڭآى,127
soner, صوڭر,316
songül, صوڭكل,166
su, صو,96
suat, سُعاد,135
sude, سوده,75
sudenur, سوده نور,331
sufi, صوفی,186
sultan, سلطان,150
suna, صونا,147
sunay, سُونای,127
sur, سُور,266
surahi, صُراحی,309
suut, سُعود,140
suzan, سوزان,124
tüfan, توفان,537
tülay, تولاى,447
tülin, تولين,496
türk, تورك,626
türkan, توركان,677
türkce, تركجه,628
türkcenin, تركجه نك,698
tacettin, تاج الدّين,499
taha, طاها,16
tahir, طاهر,215
tahire, طاهره,220
tahmin, تهمین,505
tahsin, تحسین,528
talat, طلعت,509
talha, طَلحه,52
talia, طالعه,115
talip, طالب,42
tamam, تمام,481
tamara, تامارا,643
tanış, تانیش,761
taner, تاڭر,621
tanin, طنین,119
tansel, تانسل,541
tansu, طاڭصو,126
tarık, طارق,310
tarak, تارک,621
tarhan, تَرخان,1251
tarif, طارف,290
tarih, تاريخ,1211
tarkan, تارقان,752
tasnim, تسنیم,560
tavus, طاووس,82
taybar, تايبار,614
tayfun, طيفون,155
taylan, تایلان,492
taymaz, تایماز,459
taynur, تای‌نور,667
tayyib, طيّب,21
tayyibe, طَیبه,26
tayyip, طَیب,21
tazegül, تازه كل,463
tebessüm, تبسم,502
tecelli, تَجلی,443
tekin, تکین,480
temel, تمل,470
temmuz, تموز,453
temren, تمرن,690
tenay, تنآى,461
tenzile, تنزيله,502
teoman, تءومان,498
teravih, تراويح,625
teravih namazı, تراويح نمازى,733
teslime, تسليمه,545
tevfik, توفيق,596
tevhide, توحیدا,429
tevhit, توحید,428
teymur, تیمور,656
timuçin, تيموچين,519
timur, تيمور,656
timurhan, تيمورخان,1307
tolga, طولقا,146
toprak, طوپراق,318
treyscilia, تيريسجيليا,734
tuana, توانا,458
tuğçe, طوغچه,1023
tuğba, طوبى,27
tuğberk, طوغبرك,1237
tuğra, طغرا,1210
tuğrul, طوغرول,1251
tuba, طوبی,27
tufan, طوفان,146
tuna, طونه,70
tunahan, طوناخان,717
tunay, توناى,467
tuncay, تونجاى,470
tuncer, تونجر,659
turaç, طوراچ,219
tural, تورال,637
turan, توران,657
turap, تُراب,603
turgay, طورغاى,1226
turgut, طورغود,1225
turhan, طورخان,866
uğur, اوغور,1213
ubeydullah, عُبیدالله,152
ufuk, افق,181
ukba, عقبى,182
ulaş, اولاش,338
ulviye, علويه,121
umay, اوماى,58
ummahan, امّ خان,692
ummuhan, امّ خان,692
umut, اوموت,453
umutcan, اومودجان,111
usame, اُسامه,107
uzel, اوزل,44
vacide, واحده,24
vacit, واجد,14
vahap, وَهَب,13
vahdeddin, وحيد الدين,123
vahdettin, وحيد الدين,123
vahhap, وهاب,14
vahid, واحد,19
vahidüddin, وحیدالدین,123
vahide, واحده,24
vahip, واهِب,14
vahit, واحد,19
vakit, وقت,506
vakitler, وقتلر,736
varan, واران,258
vasıl, واصل,127
vasfi, وصفي,186
vasfiye, وصفيه,191
vatan, وطن,65
vay, واي,17
vecihe, وَجیهه,29
vedat, وِداد,15
vefa, وَفا,87
vehbi, وهبي,23
vehide, وحیده,33
veli, ولی,46
velit, ولید,50
veliyullah, ولی‌الله,112
vera, ورع,276
verda, وَردا,211
vesile, وسيله,111
veysel, ويسل,106
veysi, ويسى,86
vildan, ولدان,91
virdan, وِردان,261
visal, وِصال,127
visam, وِسام,107
viyana, ویانا,68
volkan, ولقان,187
vuslat, وصلت,526
yıldırım, ییلدیرم,304
yıldıray, يلديراى,265
yıldız, ييلديز,71
yılmaz, ييلماز,98
yücel, يوجل,49
yüksan, يوكصن,176
yüksel, يوكسل,126
yağız, ياغيز,1028
yaşar, یاشار,512
yaşil, یاشیل,351
yağmur, ياغمور,1257
yadigar, یادگار,236
yagmur, ياغمور,1257
yahya, یحیی,38
yakub, يعقوب,188
yakup, یعقوب,188
yakut, یاقوت,517
yalçın, يالچين,104
yalan, یَلان,91
yaman, يامن,101
yanık, یانیک,91
yanar, یانار,262
yaprak, ياپراق,314
yaren, يارن,261
yarullah, یارالله,277
yasemen, یاسمن,161
yasemin, یاسمین,171
yaser, ياسر,271
yasin, یاسین,131
yasir, یاسر,271
yatsı, ياتسي,481
yatsı namazı, ياتسي نمازي,589
yaver, یاور,217
yavuz, ياووز,30
yay, ياي,21
yaz, یاز,18
yazgül, یازگول,74
yeşim, يشيم,360
yedi, یدی,24
yedullah, یدالله,80
yegane, یگانه,86
yekta, یکتا,431
yelda, یَلدا,45
yeliz, يليز,57
yemin, یَمین,110
yeminullah, یَمین‌الله,176
yemuş, يه موش,361
yenal, یَنال,91
yeter, يتر,610
yezdan, یَزدان,72
yezit, يزيد,31
yiğit, ييكيت,450
yonca, يونجا,70
yuşa, یُوشع,386
yunus, یونس,126
yurda, يوردا,221
yurdaer, يورده ار,426
yusuf, یوسف,156
zübeyde, زُبیده,28
zübeyir, زبير,219
zübeyr, زُبیر,219
zühal, زحل,45
zühra, زُهره,217
zühre, زوهرة,618
zühriye, زهريه,227
zülal, زلال,68
züleyha, زليخة,1047
zülfü, زلفو,123
zülfikar, ذوالفقار,1118
zülfiye, زلفيه,132
zümra, زمرا,248
zümrüt, زمرد,251
zêhir, زاهر,213
zafer, ظافر,1181
zahide, زاهده,22
zahir, ظاهر,1106
zahit, زاهد,17
zakir, ذاکر,921
zaman, زمان,98
zamane, زمانه,103
zarif, ظریف,1190
zarife, ظریفه,1195
zavoş, زاوش,314
zehra, زهرا,213
zehra betül, زهرة بتول,1050
zeka, ذَکا,721
zekeriya, زكريا,238
zekeriyya, زکریا,238
zeki, ذكي,730
zekiye, ذَکیه,735
zeliha, زليحا,56
zemzem, زمزم,94
zennuriye, ذنّوريه,971
zerrin, زرین,267
zeyd, زيد,21
zeyneb, زينب,69
zeynel, زينل,97
zeynelabidin, زین‌العابدین,235
zeynep, زینب,69
zeynep gülderen, زينب كلدرن,373
zeyniddin, زین‌الدین,162
zeynullah, زين الله,133
zeyt, زِید,21
zeytin, زیتون,473
zikrullah, ذِکرالله,986
zilan, زيلان,98
zilhicce, ذى الحجه,757
zilkade, ذى القعده,920
zinet, زینت,467
ziver, زیور,223
ziya, ضیا,811
ziyaüddin, ضياءالدّين,907
ziyad, زياد,22
ziyaulhak, ضیاء‌الحق,951
zuhal, زُحَل,45
